index,action,romance,movie
0,49.14607907,79.97953755,1
1,85.2848403,53.01736469,0
2,33.51644727,23.33106105,2
3,66.19580003,47.94902143,0
4,95.08330685,32.94963285,0
5,2.424972592,13.12168415,2
6,68.49472012,19.64478241,0
7,54.60625531,33.96514612,0
8,98.94689959,77.80255237,0
9,88.63100683,61.38442624,2
10,52.3834858,37.69725824,2
11,64.67808603,50.14282979,0
12,69.2752955,38.85051202,2
13,33.47360115,36.95746419,2
14,25.14716057,57.36186231,1
15,5.898473328,22.20083052,2
16,48.61771273,90.05373335,1
17,60.42879841,45.21863927,2
18,35.15212883,77.1122724,2
19,22.98355646,72.01542436,1
20,4.513365746,46.13420087,1
21,24.77120741,23.89705203,2
22,16.3257501,97.72723384,1
23,54.90671318,41.71008901,2
24,68.09381459,83.3526322,1
25,99.66859713,9.140029821,0
26,21.28947618,16.6954935,2
27,6.239707677,73.83077393,1
28,82.63614321,50.36488686,0
29,54.41358235,13.93043243,2
30,28.3250411,92.13632928,1
31,34.54440991,36.71799342,2
32,68.91375852,99.50738579,1
33,76.80840282,10.06441447,0
34,3.55864216,36.93497519,2
35,45.5682528,83.25311237,1
36,68.97579947,48.43617233,2
37,23.75921364,39.56918881,2
38,49.33545799,29.03705644,2
39,22.8396491,96.35917248,1
40,2.183359068,10.27337719,2
41,60.42346281,38.2506092,2
42,38.43869214,7.507856801,0
43,48.31625314,44.00694143,2
44,75.95731036,91.0475453,2
45,49.23153155,43.01907802,2
46,13.36234641,69.11393163,1
47,31.34969032,64.74843842,2
48,74.83566222,56.86339963,2
49,63.4935039,73.78267132,2
50,12.81620788,45.65966287,2
51,10.45357208,63.05070326,1
52,71.13456554,13.6112713,2
53,98.76726282,8.194678593,0
54,4.51067262,91.41178432,1
55,79.57274664,76.07477125,2
56,85.59251198,75.35371719,2
57,78.46847762,93.58763489,1
58,87.95745109,47.95288301,0
59,86.18655937,32.18238579,0
60,38.90591364,74.74386201,1
61,22.91296161,77.10797429,1
62,83.84988166,40.74351505,2
63,27.3502001,37.3893597,2
64,46.82677388,49.17789871,2
65,59.71152042,5.98317838,0
66,48.5345318,1.359817376,2
67,61.01720082,85.40863669,1
68,67.05641325,51.64264497,2
69,34.18328784,97.46721776,1
70,80.96392223,97.74969044,2
71,28.55676312,79.69708105,1
72,71.58244307,39.89061769,0
73,88.99185235,38.16476349,0
74,58.20155778,78.33314273,2
75,59.3606823,7.747762626,0
76,66.44810635,49.73995508,2
77,32.63404943,79.05452407,1
78,79.32702142,66.15004005,0
79,13.69483051,94.0918568,1
80,86.04648482,85.52077461,2
81,78.83748391,19.26838158,0
82,41.78360055,14.83522251,2
83,50.45126113,32.97345927,0
84,83.33262015,1.70325044,0
85,69.82922182,51.09595365,2
86,71.49978016,15.92309331,0
87,22.86211274,0.632388112,2
88,2.906319138,93.56352588,1
89,97.34904891,91.81579857,2
90,87.75635035,14.13436883,0
91,24.18763067,84.8144631,1
92,36.77894675,64.12571679,1
93,30.61936126,4.680669507,0
94,61.22579118,96.41657303,1
95,3.641010832,35.63830207,1
96,59.77390922,22.86748873,0
97,23.65428987,79.64168588,1
98,43.25209222,82.84255813,1
99,0.21438336,27.51320558,2
100,23.55668826,10.03003402,2
101,11.38287139,50.42136322,1
102,13.66914004,87.37475474,1
103,55.94590969,8.538749786,2
104,22.23985027,74.73518357,1
105,4.104890793,15.32078452,2
106,44.42542463,93.21626239,2
107,2.222875921,20.54700992,2
108,97.80138521,1.963858867,0
109,45.4115363,99.97087463,1
110,52.35958653,66.1325872,2
111,80.19964078,53.79782996,2
112,41.05106509,81.90348795,1
113,22.49571518,4.552763542,2
114,96.66530704,61.64816375,0
115,14.83188039,30.73717894,2
116,42.50806096,20.26840506,2
117,88.59958899,16.05646299,0
118,61.26577873,63.15021739,1
119,95.10050441,72.24823141,2
120,80.89090271,78.16853168,0
121,47.39292406,50.52591957,2
122,94.23713622,75.15078393,0
123,63.42136962,1.134431155,0
124,89.89737379,68.67023733,0
125,47.67980736,98.09370642,1
126,73.03175074,11.48646295,0
127,30.99004813,89.06587423,1
128,90.39985633,62.69046862,0
129,84.70378877,29.2438154,0
130,87.95947249,15.73030511,0
131,99.806497,98.02913129,1
132,16.65025644,7.057368283,2
133,62.99549516,46.30459035,2
134,15.06788172,20.85077632,2
135,58.27058532,1.067219482,0
136,49.61667187,20.51856468,2
137,54.27416066,67.31197557,2
138,77.13361964,5.852117061,0
139,74.18954095,13.47051942,0
140,67.4756249,47.78427584,2
141,82.04307644,73.40847777,1
142,6.077578831,69.58618248,1
143,46.99368444,20.29531529,2
144,47.21273621,25.41352458,2
145,42.36897812,68.92452021,1
146,99.95508676,72.81035988,0
147,65.04017934,83.27436599,0
148,36.81095034,24.43741797,2
149,12.37267696,36.60505132,2
150,90.77917133,68.1774681,2
151,60.51349645,45.58490305,2
152,12.81003518,80.08461006,1
153,38.53984985,68.16386467,1
154,54.2405229,74.28965537,2
155,75.49045654,73.87391448,1
156,89.65259249,64.94637556,0
157,84.23994215,26.85890896,0
158,44.6807975,49.02124797,2
159,86.11049465,66.41102374,2
160,26.13189515,2.792832538,2
161,14.10426123,13.2728743,2
162,78.36260632,4.159450359,0
163,5.512878786,32.5348046,2
164,51.27154088,15.93022343,0
165,35.72628376,80.95851692,1
166,59.36871989,17.77865529,2
167,4.724727816,51.59965357,2
168,94.29964492,6.765725942,0
169,25.233662,32.13261563,2
170,99.09538484,11.89163656,0
171,7.416251144,92.76792853,1
172,38.22608235,8.827190684,2
173,70.4194312,13.44912374,2
174,95.44109152,32.37907565,0
175,8.856230545,38.35725288,2
176,31.70906463,15.63650571,2
177,98.39453917,0.434650953,0
178,64.08105151,4.332015906,0
179,5.902776278,12.99960804,2
180,59.15777793,16.51977526,0
181,45.75840224,24.15469188,0
182,88.34384759,21.92595182,0
183,9.678999003,19.90057271,2
184,64.087139,24.61887581,0
185,2.144397993,79.92845741,1
186,96.22212092,37.57409758,0
187,14.28253571,19.78491264,2
188,37.58502638,97.35219924,1
189,18.05726895,65.0784995,2
190,14.42787249,66.35111852,1
191,53.86578645,16.14412426,0
192,77.94157369,77.88474926,2
193,10.28220117,78.31569047,1
194,69.37693591,75.12857651,1
195,69.28182414,0.410151699,0
196,18.28236481,78.46831124,1
197,96.66098799,3.968962217,0
198,68.95863371,17.32609507,0
199,91.78369608,73.05696004,0
200,16.9581149,7.144610919,2
201,6.941654583,5.361406744,2
202,96.45443439,81.69581346,0
203,96.82248852,34.94443884,0
204,21.91066659,0.090625272,2
205,55.13751548,30.15545487,2
206,32.2896157,98.65599013,1
207,43.14320618,15.50337055,2
208,82.85806783,44.60539391,0
209,80.94118208,60.49715763,0
210,17.88256591,95.52112849,1
211,1.590408087,2.998858408,2
212,8.685554361,91.68027064,1
213,65.25538269,50.43848822,0
214,90.54241041,97.14561806,0
215,26.19558668,49.18079949,2
216,25.51047915,73.01062689,1
217,32.61701691,2.086467211,2
218,50.16027165,9.496757167,2
219,31.86614022,25.95377042,2
220,39.60548311,61.61840074,2
221,22.91694996,6.102248519,2
222,37.49647455,3.458345375,2
223,24.27894289,63.39239685,2
224,84.41744527,15.15103482,0
225,0.920083402,27.50826425,2
226,85.69189445,41.98433013,0
227,93.68363705,37.6321292,0
228,87.64536882,47.78047136,0
229,43.35237464,64.8492789,2
230,65.13081429,64.71864056,1
231,90.31445365,3.802664874,0
232,8.266019294,72.25262714,1
233,44.69615425,71.44698884,1
234,30.1888683,98.2049319,1
235,95.76370353,2.434887694,0
236,97.3035291,50.21243809,0
237,38.61004408,31.16807882,2
238,71.96179163,30.4874097,0
239,87.98097328,85.30171415,0
240,75.9747988,0.198983979,0
241,78.34896278,21.73282408,0
242,43.61393353,84.54020049,1
243,70.18949844,22.80600229,0
244,28.76741335,84.49562136,2
245,21.49595173,10.37609314,2
246,16.96593354,10.2652264,2
247,70.94024956,15.97635761,0
248,78.56215398,56.89446284,2
249,26.18228474,75.34375812,1
250,9.08638245,62.86565953,1
251,36.84902897,94.14935877,1
252,84.43424693,94.60863431,0
253,71.51600141,93.85530919,1
254,40.38105168,86.3822788,2
255,9.126181846,58.74714993,2
256,77.41594587,32.7008044,0
257,99.911282,42.59297256,0
258,40.15350277,26.74758355,2
259,48.20985331,14.23525974,2
260,22.93223455,27.58355735,2
261,70.20883758,44.06487443,2
262,17.47745051,42.76858583,2
263,4.723919777,21.41092024,2
264,16.95041157,35.01096126,2
265,26.72443597,99.6796664,1
266,80.64579408,66.03175333,2
267,69.23268506,16.22796474,0
268,55.0699745,13.34465441,2
269,76.06644843,90.79933599,2
270,38.91125905,79.66143126,1
271,38.21256457,42.39032622,2
272,68.07531869,46.87343448,2
273,24.30481395,59.32319255,2
274,91.2950147,1.063252185,0
275,85.57685208,85.07484484,2
276,98.94537186,96.33496319,1
277,43.38807638,70.44715782,2
278,90.0884529,44.06721133,0
279,8.097653854,34.79255691,2
280,37.96637089,77.14522434,1
281,34.88661191,61.01470126,2
282,61.32574809,4.348183033,0
283,46.56352919,41.10214017,2
284,29.61604025,91.25013631,1
285,76.09811017,32.24009232,0
286,94.5993403,35.72410808,0
287,89.89020379,38.57507714,0
288,2.796815231,73.06054349,1
289,73.07655474,92.42640611,1
290,60.95553544,37.26442631,2
291,97.6023378,79.54808366,0
292,55.13260154,6.237502265,2
293,29.68397106,51.62436674,2
294,90.30605955,50.18885202,0
295,24.59334399,34.36365169,2
296,31.75269966,1.42066216,2
297,64.19932696,3.259045938,0
298,44.86554558,67.3884963,2
299,9.098297812,30.13224392,2
300,76.50906265,37.51036732,0
301,15.65505599,13.0084617,2
302,49.28488715,42.5150801,2
303,32.97233431,11.63847747,2
304,26.36809053,88.48672158,1
305,25.16906291,97.0894522,1
306,72.92233913,32.89991026,0
307,82.62805543,37.65214132,0
308,92.62905834,31.47875134,0
309,29.2338987,8.889540676,2
310,49.68058097,77.63618184,2
311,19.80072188,91.29592986,1
312,71.27819008,62.64615373,2
313,48.42076086,36.81809714,2
314,43.94774187,51.18392527,0
315,69.55710053,72.14954081,2
316,81.26895594,2.203976488,0
317,31.07895238,6.287149292,2
318,70.04947437,50.52793432,0
319,52.57880849,43.9025961,2
320,46.46854582,42.26306168,2
321,17.01832383,94.15723827,1
322,76.75636903,84.6192039,1
323,19.83835839,93.2986039,1
324,23.73523746,36.03436149,2
325,69.39875162,95.28764578,1
326,61.60695326,59.13299331,1
327,69.98422176,10.10470517,2
328,19.38722433,42.02558117,2
329,59.53737381,16.51265793,0
330,1.095672493,88.20984496,1
331,13.4748142,47.19723044,1
332,2.009083701,97.29901052,1
333,63.1269629,99.56169314,1
334,46.55380408,19.16307247,2
335,60.53755421,49.71263268,2
336,88.77231164,8.162287948,0
337,46.47306044,84.91847796,0
338,55.12061062,89.71976331,1
339,59.30444918,72.83667879,2
340,21.50182697,11.83484486,2
341,30.15444764,13.81033207,2
342,94.06423221,75.3554464,0
343,4.331831327,9.055394421,2
344,64.60054253,91.58206269,1
345,5.03434655,98.48552242,1
346,94.18352125,69.18104585,2
347,67.97171022,28.46013911,0
348,2.520746043,45.9528116,2
349,18.1929876,18.84438624,2
350,69.14650514,81.14443186,2
351,34.18855489,91.20420979,1
352,87.42669933,39.39117965,0
353,72.17534353,11.1368626,0
354,41.07681315,73.39958914,1
355,69.54554193,18.43444586,0
356,33.12436254,41.1628277,2
357,49.53595903,30.99866277,2
358,90.47590325,3.994163892,0
359,14.12938974,15.70275159,2
360,74.01999995,20.01939459,0
361,43.74295291,83.9906906,2
362,87.54047312,98.04755627,0
363,7.827563465,29.83657499,2
364,2.548224585,37.14449643,2
365,40.96583638,19.7389648,2
366,94.05040323,32.78616703,0
367,62.126573,92.31647201,1
368,68.21803452,73.92524439,2
369,66.51115976,71.487261,2
370,89.04874799,87.95962388,0
371,99.70802783,14.17482865,0
372,5.980336296,5.280812497,2
373,15.63700666,67.23986195,2
374,88.39955343,80.73821348,0
375,0.349745486,10.13341536,2
376,39.70120949,47.04648332,2
377,29.05801413,60.07572066,2
378,56.41663837,66.5769412,2
379,27.55663106,30.20686769,2
380,19.17960259,7.185949516,2
381,4.090697091,26.18249902,2
382,82.97699965,21.25715069,0
383,65.36311974,66.98440908,2
384,27.49395138,78.13802806,1
385,4.963885815,67.66794643,1
386,99.59207511,29.60831754,0
387,62.82668985,93.15883977,1
388,79.41387168,89.48043762,2
389,32.41380618,31.71503715,2
390,87.90468184,68.12259615,2
391,78.44888163,27.10392534,0
392,46.31500324,26.2580211,0
393,25.2229068,69.01533936,2
394,29.18111485,16.12263031,2
395,24.87469155,32.46298907,2
396,63.25394941,4.689209597,0
397,43.91650914,68.68824403,2
398,75.43086271,46.85920456,2
399,32.69648589,28.17741963,2
400,7.591182808,86.81655009,1
401,51.00947316,21.98180005,2
402,56.08624102,84.60460975,1
403,18.04122479,40.05019732,2
404,80.10561698,93.71070296,1
405,63.71549409,94.93042416,1
406,15.14323112,58.92314209,2
407,42.81327345,99.47925198,1
408,97.20443442,33.14786613,0
409,29.05564543,39.09862865,2
410,64.10606469,93.01761577,1
411,41.83160854,32.08958611,2
412,25.54194461,38.34627878,2
413,67.88237598,96.35066661,1
414,9.249317455,48.86754619,2
415,83.09742491,20.61797363,0
416,14.31636846,8.879292561,2
417,41.23291736,45.98945682,2
418,31.82575668,43.49376654,2
419,82.76674813,76.32551737,0
420,72.06636405,79.91166533,2
421,88.83800375,34.88625797,0
422,25.91517725,72.06286654,1
423,15.75463886,70.11306917,1
424,57.75504571,68.35146761,2
425,10.69697132,17.11607912,2
426,66.7733034,66.40120761,2
427,61.05665034,71.44576092,2
428,14.56054857,66.0950136,1
429,16.13510843,49.64309247,1
430,76.27027365,56.29036235,1
431,98.77060607,41.46911739,0
432,32.05725247,78.33174087,1
433,38.1064111,80.06437392,1
434,5.049226045,92.32184473,1
435,80.67218944,68.96718707,0
436,29.73619408,82.62987133,2
437,91.76370197,12.74892745,0
438,35.17955791,3.856829241,2
439,43.46867802,58.68196234,2
440,4.906664412,36.98079246,2
441,6.890489214,52.59323628,1
442,94.36813452,84.41924444,0
443,95.83286209,58.31453537,0
444,58.2326084,88.9896354,0
445,76.02339178,80.28393379,2
446,7.362660056,76.40480728,1
447,15.48607826,95.61372846,1
448,69.35139043,3.733537956,0
449,73.47323423,92.63879609,1
450,52.00994135,28.44220365,2
451,46.17969372,92.16323485,1
452,2.308996759,36.66157921,2
453,29.21787864,5.621008835,2
454,65.85811809,64.44510239,2
455,76.93191627,69.33540728,2
456,51.87774733,87.13995302,1
457,7.407386273,99.64242705,1
458,49.31861551,36.30828794,2
459,18.33022136,90.04058088,1
460,32.24222418,71.17862219,1
461,30.86004942,58.48039435,1
462,44.91920012,69.88523717,2
463,98.52338055,77.00795273,0
464,77.43662133,51.01411013,0
465,26.11279898,45.14389085,2
466,66.45725892,60.81139589,2
467,48.61569038,34.40425499,2
468,61.15461577,4.257632564,0
469,43.39606662,94.61498542,1
470,61.61674107,22.13416509,0
471,84.78171929,18.84335621,0
472,42.96785789,48.92234526,2
473,84.97605571,94.06048809,2
474,2.586304363,23.83850649,2
475,64.66246376,23.45144639,2
476,81.1206558,44.65443658,0
477,98.71423703,27.66013209,0
478,26.25927376,65.30177894,1
479,73.37837191,14.20980367,2
480,55.96989819,70.12726747,2
481,47.08081699,9.888841173,2
482,76.91260178,11.00569019,0
483,9.150250714,99.80219135,1
484,13.00066381,51.58192422,2
485,98.14625123,70.08204251,0
486,83.34308323,60.87476676,0
487,17.02449285,12.34679723,2
488,92.48319567,19.41897,0
489,23.48096411,14.69103343,2
490,32.36058675,92.13796114,1
491,50.45525498,74.72432276,2
492,50.95796421,49.26740211,2
493,10.66837259,48.82455949,1
494,29.28153023,36.8124206,2
495,84.56771277,86.05174393,1
496,41.51507107,76.76035476,1
497,32.33663464,89.05331235,1
498,99.35624528,53.00224458,0
499,36.63548855,18.47893863,2
500,1.424725519,15.90738911,2
501,63.20600096,77.92696338,1
502,31.28127912,91.38002866,1
503,4.935225814,52.02218998,1
504,39.13555061,60.50830453,2
505,47.78712221,6.669497441,0
506,18.25883506,17.93850077,2
507,28.73187189,4.057914754,2
508,99.59923456,73.99578656,0
509,69.68260888,22.5317345,2
510,4.40418345,55.9336808,2
511,10.03407019,57.67378517,1
512,29.37836198,72.62894932,1
513,31.56695061,74.94426522,1
514,25.16403963,96.31364257,1
515,66.42140695,79.45169053,0
516,72.35461707,51.58206738,2
517,67.85569337,52.75027472,2
518,16.38630951,76.63241107,1
519,38.35899127,10.34892915,2
520,93.05673867,58.12219016,2
521,95.83471186,88.47836039,2
522,77.98895306,51.58236714,0
523,50.8517593,14.8327999,2
524,2.196725861,67.51840105,1
525,73.1566633,91.28882311,1
526,29.63962616,63.80368841,1
527,49.97120893,96.78314166,2
528,7.879520164,97.80069468,1
529,9.672069317,89.76512636,1
530,63.35831884,36.42211425,0
531,11.10048497,6.121579998,2
532,65.13162814,53.77207328,2
533,55.82951485,75.65781787,2
534,39.5936615,16.65776326,2
535,6.479507054,96.63210254,1
536,36.91271287,98.93188265,1
537,23.99871382,95.0110068,1
538,71.24840933,38.15944658,0
539,80.02656756,96.66594963,0
540,21.21861731,74.26941215,1
541,93.36640408,33.96551887,0
542,41.41209659,56.20690133,2
543,79.07181897,46.48864743,2
544,75.22094959,52.9968811,2
545,25.10068542,93.32778558,1
546,21.16877064,38.05765129,2
547,76.1289235,54.19374283,2
548,76.82266098,92.12309857,1
549,81.33552754,54.89858875,0
550,98.74951081,80.7838904,0
551,2.409867284,45.42883003,1
552,14.1386076,79.21806435,1
553,75.01976159,40.29792568,2
554,44.54518312,5.888900365,2
555,23.90393486,11.95522084,2
556,27.92236378,59.83428537,1
557,28.60216887,40.46691648,2
558,1.707461232,49.58825885,2
559,60.85395037,43.79665362,2
560,10.07235673,59.82708799,2
561,83.26624857,54.08970083,0
562,49.68659746,82.29340363,1
563,3.735731814,98.97957664,1
564,70.422563,87.13096529,1
565,45.85464364,50.68340821,2
566,7.733895326,21.394979,2
567,81.57446763,49.90665517,0
568,64.79269647,30.99504048,2
569,81.75447454,38.8626275,0
570,35.35309937,97.54441759,1
571,78.06546791,53.09982124,2
572,96.45410027,80.92286581,2
573,65.08277921,77.03680749,0
574,67.51186646,15.84776158,0
575,58.61298718,48.42053077,2
576,86.60858231,39.11274143,0
577,15.54336754,17.43172868,2
578,51.62950103,8.059455192,2
579,51.83680767,75.64885953,1
580,68.21739886,31.29486481,0
581,15.84425261,4.69891925,2
582,44.42472104,27.82660981,0
583,65.95973866,78.8189326,0
584,13.22319483,54.05846067,2
585,78.18503288,13.69256079,0
586,88.81779582,40.39945075,0
587,54.30148223,23.92907116,2
588,73.90236261,50.0467153,2
589,50.07613552,31.1412513,2
590,73.39231937,35.64877597,0
591,89.9017937,51.91972349,0
592,28.27116069,72.65422704,1
593,35.01970258,29.20125382,2
594,13.94230844,50.78176104,2
595,71.03995593,13.86172596,0
596,48.17313974,74.35415881,1
597,30.90654894,5.574089273,2
598,20.37928682,56.21330034,2
599,69.44341296,77.84816939,0
600,68.39149918,58.49228617,2
601,70.02981856,71.80824454,2
602,12.57610072,6.46481827,2
603,29.93934739,8.674111876,2
604,58.14109296,95.68776087,1
605,32.40072541,73.17605226,1
606,21.29105965,78.60517844,2
607,32.49871373,60.11217056,2
608,61.17439994,63.43867096,0
609,15.20433072,39.49086244,2
610,62.81972479,89.92200384,2
611,39.95707182,20.85051899,2
612,95.93605181,7.872533159,0
613,76.3094497,57.56851102,0
614,71.34510224,94.36371594,1
615,57.57470269,26.99877122,2
616,31.77468139,37.17966136,2
617,93.60596129,21.70133168,0
618,28.5076722,52.27416389,2
619,84.84115586,30.63999307,0
620,55.60561183,80.08984363,1
621,62.37293327,0.461235482,2
622,2.25164037,8.529087077,2
623,21.88421309,40.7578788,2
624,54.60235153,87.0999322,1
625,52.36891002,15.74819811,2
626,86.63076036,39.02050032,0
627,17.16248334,83.63476752,1
628,40.20606284,38.0798617,2
629,17.9193559,9.395222307,2
630,78.66803539,26.05571452,0
631,23.73991953,15.24682347,2
632,86.18483995,69.83271993,2
633,39.02774636,2.224932845,2
634,70.25330038,33.48045184,2
635,15.09738427,46.15334443,2
636,14.0103643,40.27356919,2
637,29.88704357,4.988455557,2
638,99.60311674,99.67413699,0
639,94.41591691,83.81985601,0
640,32.28878168,15.40035136,2
641,1.268967098,95.54236211,1
642,21.2841811,20.00588062,2
643,7.845479948,2.057497862,2
644,47.70602957,73.74578167,2
645,21.96581429,96.71396828,1
646,8.854760758,5.748326581,2
647,88.16467158,33.84441631,0
648,24.34463157,54.47018441,2
649,66.91490438,27.65911515,0
650,10.23094279,79.93197859,1
651,92.00306567,3.970400102,0
652,0.707359691,21.45803121,2
653,9.481078945,75.41787916,1
654,52.31385623,10.06514879,2
655,46.0364885,57.8039789,2
656,12.9173261,4.423694282,2
657,90.99604354,64.93664188,2
658,51.51736722,23.70637688,2
659,58.03833972,53.16473383,2
660,19.19189936,23.71511172,2
661,21.4891005,93.24045651,1
662,33.74856901,3.664902565,2
663,66.66754995,4.669052263,0
664,33.26720704,40.64010712,2
665,46.74700302,69.16011396,1
666,58.98470305,31.18501186,2
667,0.78160954,2.711258923,2
668,3.955410143,31.0101513,2
669,65.74216037,0.917077637,0
670,53.98661182,58.53179498,0
671,38.290254,3.35036658,2
672,62.63259315,90.30673546,1
673,73.6425444,39.71385551,0
674,83.5029432,34.00082396,0
675,81.0170788,12.87853712,0
676,10.78306048,36.61682045,2
677,59.39789639,52.91716584,2
678,18.43509714,75.0775414,1
679,1.408421516,89.33327518,1
680,75.6887923,23.94730152,0
681,93.3699044,4.743317515,0
682,55.46122137,55.93492201,2
683,84.37943255,53.55965223,0
684,85.08605461,41.25569465,0
685,79.16337834,71.0892543,0
686,22.75748655,27.66145235,2
687,50.63329237,28.22920768,2
688,16.72132799,67.73278295,2
689,26.85794266,57.20879504,2
690,36.94015146,69.05409612,2
691,80.34291357,80.17664809,2
692,28.83413428,66.45504319,2
693,8.997976132,98.37877067,1
694,27.54942074,86.09494406,1
695,78.14787909,75.43568881,1
696,68.69688992,63.71858946,2
697,50.51387851,62.3316689,2
698,10.59645861,67.6542649,1
699,27.66766694,73.50500406,1
700,21.68568361,49.85484765,2
701,10.24434067,24.82770942,2
702,26.39531768,16.01067125,2
703,33.82507157,54.07222734,2
704,91.45957016,32.64664006,0
705,61.15747911,97.68818727,1
706,87.0367358,60.30806863,1
707,88.37733492,61.23817199,2
708,97.47308864,41.87696616,0
709,10.81375159,94.87253316,1
710,84.07915927,97.97614754,1
711,96.62897925,4.968458346,0
712,66.24656664,35.92960435,2
713,29.68925554,24.42960109,2
714,45.97380515,29.00465155,2
715,67.23394219,52.1057353,0
716,18.93601525,6.446717618,2
717,51.62834986,83.20903934,2
718,38.76542929,39.52726516,2
719,76.5355259,54.78312559,2
720,94.32210399,4.94234339,0
721,48.65501332,56.91750525,2
722,50.50231689,40.46903588,2
723,32.44085002,38.6535013,2
724,81.4997401,7.102571381,0
725,35.93000564,70.97669743,1
726,71.40947361,23.73087389,2
727,92.16452057,67.59428629,0
728,4.303367939,30.16185274,1
729,33.15136477,39.36708456,2
730,30.70489543,35.27465187,2
731,75.20982528,63.8392098,2
732,58.71593541,26.61233487,0
733,56.65391474,23.28612498,0
734,18.7230286,72.03139567,1
735,92.94273203,26.97974967,0
736,21.82538145,95.86740942,1
737,54.0972147,16.22035082,2
738,68.14234272,48.750603,2
739,15.19787983,88.72760278,1
740,80.31635922,68.66637355,1
741,75.2745715,17.50771382,0
742,42.80654275,88.06391043,1
743,86.82448814,40.35764075,2
744,75.46975248,27.05356604,2
745,35.82743155,85.8677005,1
746,36.60918574,60.05719265,2
747,33.51720869,77.59985237,0
748,59.02444738,48.27866683,2
749,6.024148271,78.18757513,1
750,6.803236938,50.25020216,2
751,20.72024792,30.98293317,2
752,73.81620179,99.04418464,1
753,66.30333414,1.745621765,0
754,77.70053251,29.19947346,0
755,0.311249615,37.80810344,2
756,85.24680778,27.31127597,0
757,45.15259663,17.23343561,2
758,99.04292415,36.69821841,0
759,68.75784923,14.27136315,0
760,15.45644135,79.25297669,1
761,28.73215039,94.50226028,1
762,99.99359123,61.73388845,0
763,18.98326673,22.63932374,2
764,83.20642085,88.72188131,0
765,45.33127261,90.72789341,1
766,0.921565989,43.30409894,1
767,29.22751644,99.7987625,1
768,87.27615271,19.17703497,0
769,58.33145077,57.56665232,2
770,84.10908887,75.8898256,0
771,51.32300835,76.59158874,1
772,48.22254771,93.2673119,1
773,20.28017918,18.45916844,2
774,16.66642943,12.59096426,2
775,98.26750448,77.79740021,0
776,76.28322041,59.21300264,2
777,87.05143436,48.08639303,0
778,8.348132057,70.14873955,1
779,76.17808114,89.42464211,0
780,43.47927279,89.91680695,1
781,48.81282356,8.221307311,0
782,94.42508123,53.63659864,0
783,39.056307,58.9680808,2
784,92.60151525,96.96282207,0
785,33.17508333,51.93828138,1
786,81.59416773,44.65116751,2
787,21.90449176,49.46830873,2
788,24.48128365,57.35982533,1
789,87.74536153,88.83637466,1
790,30.18598757,91.3860759,1
791,80.31858923,21.55621694,0
792,0.160416505,41.87384202,2
793,43.05298358,97.30567115,1
794,95.69186594,54.68707868,0
795,81.03729229,37.86279239,2
796,41.59164539,93.59966632,1
797,26.98409217,86.89746044,1
798,72.37656115,73.85133893,0
799,97.58413672,41.27590662,0
800,69.89112188,62.42618569,2
801,89.63617875,48.17403746,0
802,96.35787949,44.31922393,0
803,31.08915613,26.20607388,2
804,89.44935727,7.447453995,0
805,25.51873217,39.1913001,2
806,15.00702666,6.859258575,2
807,85.62015466,62.05356778,2
808,47.61027923,62.64714662,2
809,0.840199721,89.98182053,1
810,22.82814908,74.63601601,1
811,49.95074127,87.62245402,2
812,55.7155784,29.56700547,2
813,5.910898799,84.14243841,1
814,5.255735835,60.64378651,1
815,60.90189331,22.59204382,2
816,47.97977824,0.798194828,0
817,75.56360564,43.47685089,0
818,11.45322073,58.00808981,1
819,64.22758365,14.79084672,0
820,73.13693885,8.721764665,0
821,2.155935092,32.12456503,2
822,46.08284679,98.80776316,1
823,38.81850496,12.44274122,2
824,89.85591128,38.39077605,0
825,22.08304812,79.94645226,1
826,35.59534183,53.44661578,0
827,2.629094801,85.56169395,1
828,20.8090462,58.40309202,2
829,41.33471903,82.0936923,2
830,73.6025911,21.14300874,2
831,28.97070955,44.16692478,2
832,10.67696778,64.1465839,1
833,72.56812463,76.26989665,2
834,42.42488149,24.00931423,2
835,98.42759124,12.67892996,0
836,39.05379223,30.69841305,2
837,67.4774569,47.0457336,2
838,47.75346817,25.54627577,0
839,5.015805835,85.10352889,1
840,13.24562505,84.27010127,1
841,44.01296796,38.6308227,2
842,3.636698209,33.14653099,2
843,36.63148215,48.60080435,2
844,44.67888508,56.99969084,2
845,50.87522463,69.30272104,1
846,12.96950643,95.94484556,1
847,74.44940883,61.29966731,2
848,8.281236083,32.07473428,2
849,67.95825232,35.10318501,0
850,81.8895615,1.386379357,0
851,63.60870909,65.6944995,2
852,28.42086781,63.35463634,1
853,23.87055366,44.17551301,2
854,82.40148356,88.74272464,2
855,33.93773808,48.90741027,2
856,39.54644615,67.13790568,1
857,37.79854697,97.30555562,1
858,26.64002697,37.4249914,2
859,87.08684403,70.0023207,1
860,62.49198433,21.0598706,0
861,31.05441886,95.91522578,1
862,53.95952029,94.44424147,1
863,34.96909613,91.86714629,1
864,8.373016767,70.36064755,1
865,19.70488143,56.38146209,2
866,83.10871091,46.18454497,2
867,5.50755282,82.75789295,1
868,29.82290559,20.50928038,2
869,39.88908351,81.79413105,2
870,69.05675456,78.17208395,2
871,24.5249068,87.94426063,1
872,78.81393462,32.97044312,0
873,44.52686422,99.90973051,1
874,56.55548145,23.62936282,2
875,45.83135549,88.21648928,1
876,53.13528382,7.039854788,2
877,49.77140006,72.35118662,1
878,96.09288399,86.9866239,2
879,49.79460647,74.96843352,1
880,72.41715572,2.742269076,0
881,33.2591998,11.1477593,2
882,78.72162627,57.22467526,0
883,23.32745318,24.0234908,2
884,10.76732478,14.50506948,2
885,98.06676098,81.84221271,0
886,80.49781181,15.1195875,0
887,41.4892694,58.42589887,2
888,81.77865739,61.58737076,2
889,93.35941744,34.42825511,0
890,5.887728193,62.86490305,1
891,91.83225424,67.65818476,0
892,88.07462177,69.36924335,0
893,70.2085369,55.85582952,2
894,61.50113831,47.27100845,2
895,87.10743263,8.070791089,0
896,66.73360539,18.17594339,0
897,38.31459359,11.04922623,2
898,3.299719933,51.26198115,2
899,44.87929108,19.80594855,2
900,41.16121389,6.68500018,2
901,87.10388109,16.40101248,0
902,96.203263,84.70821,2
903,81.30531672,75.82838186,2
904,43.01641136,82.94535801,1
905,30.60444833,50.49722252,2
906,50.46255886,18.88549957,2
907,10.73351675,66.47632528,1
908,67.67744268,8.330064261,0
909,19.3854486,44.44690482,2
910,58.43221619,6.313247367,0
911,69.9943361,47.39138751,2
912,18.39777382,50.70888853,2
913,56.1065294,86.69975745,2
914,25.10257755,45.76960885,2
915,41.30240796,10.30354081,2
916,56.41521139,67.07744787,2
917,57.98026532,72.76081772,2
918,66.81100228,11.09167432,0
919,55.11908545,72.67628893,1
920,13.588973,95.45212029,1
921,12.01992239,58.18854835,2
922,11.5061038,19.58270239,2
923,21.44616826,56.97675082,1
924,87.55066069,82.27162689,0
925,7.135144373,37.08094188,2
926,98.14302745,37.04413526,0
927,35.03141124,83.02404532,1
928,24.79565284,77.18456634,1
929,4.210017019,94.86083037,1
930,54.37727822,16.21052918,0
931,39.68641282,90.18203078,1
932,28.6149074,6.556677019,2
933,17.47674249,38.5207468,2
934,32.64486443,69.07525253,1
935,78.84397309,17.85585926,0
936,64.31264671,5.766635909,0
937,85.38315679,60.13733551,0
938,55.65623908,39.86008527,2
939,74.36999156,93.94980281,1
940,53.19571972,26.10982939,2
941,92.47818662,20.02747809,0
942,46.38264254,18.752811,2
943,68.72073994,81.38044859,1
944,81.97813185,30.06556802,2
945,82.20521153,69.82960192,1
946,77.71775554,20.04830737,0
947,58.70605366,12.14948701,0
948,89.71604975,21.42870073,0
949,37.14259568,99.33148709,1
950,35.53035171,93.05427742,1
951,57.17853236,23.79410229,2
952,56.84452608,66.48256127,2
953,45.98649825,43.54721082,2
954,31.13856418,68.75472622,1
955,73.61985376,32.4207296,0
956,18.15630898,62.53872627,1
957,97.1967298,15.09403909,0
958,89.46122224,51.22002584,0
959,59.524985,16.91914119,2
960,35.62096465,66.01140121,2
961,23.86786478,54.63695749,2
962,70.61872649,93.8138114,2
963,25.39551762,76.13493882,1
964,15.74541944,84.5612836,1
965,90.92969216,75.05973994,1
966,62.52741263,26.08612201,0
967,23.21669358,72.67010463,1
968,37.91501815,99.54408181,1
969,75.51087146,25.16125802,0
970,8.172896541,35.88095258,2
971,44.64416913,19.22938053,2
972,74.95141387,10.11837924,0
973,73.32876607,36.23060598,0
974,15.68584981,77.64160121,1
975,74.11347284,57.51646511,2
976,13.39044196,53.89660525,1
977,20.08815954,42.67748108,2
978,78.45693347,80.49778705,1
979,82.93438114,82.04348888,0
980,37.40211584,41.60233963,2
981,41.11083177,53.78061442,2
982,2.831395978,85.13843238,1
983,74.85053591,20.77109052,0
984,73.79942742,68.37137906,0
985,6.914030725,75.65957479,1
986,24.30544391,15.19918227,2
987,70.02465888,91.10015745,2
988,98.26624817,16.11439393,0
989,56.42614166,62.47145642,2
990,17.85385975,25.68656803,2
991,5.894011978,96.81994941,1
992,78.93249466,78.52198573,2
993,14.59289451,60.14425468,1
994,46.3977343,70.22017724,1
995,10.81877217,44.36237886,2
996,87.8549799,16.97368343,0
997,25.73525395,70.28533181,2
998,39.57508403,99.25769531,1
999,36.35483416,14.38733876,2
1000,22.89536467,75.44317867,2
1001,68.26245321,62.49452566,2
1002,28.77172551,91.29642397,1
1003,58.95724418,90.03433842,2
1004,70.28837173,16.86351879,0
1005,65.73286019,53.41574268,0
1006,24.57466236,43.04235835,2
1007,48.89832633,1.393779036,2
1008,84.13398618,35.95602548,0
1009,46.77237194,23.74060131,2
1010,40.93632518,61.39825631,2
1011,19.80231841,90.89110724,1
1012,3.654272365,37.121493,2
1013,51.09920356,54.2480823,0
1014,76.21408104,79.65821319,1
1015,16.36007097,48.45988039,2
1016,92.63868752,63.87555374,0
1017,93.04314975,40.22921102,0
1018,46.44697397,34.5643738,2
1019,2.307089074,38.78242394,2
1020,87.3191374,89.55055585,0
1021,15.96864651,18.85114942,2
1022,16.72243458,48.50958884,2
1023,46.10478145,87.01373332,1
1024,71.76545309,36.67029554,2
1025,39.14157826,30.82479297,2
1026,86.98664816,10.16259871,0
1027,14.56739677,3.325710824,2
1028,93.51803376,19.52310868,0
1029,23.79052306,2.511937097,2
1030,89.26181172,63.22472326,0
1031,35.79314824,66.88674636,1
1032,92.60451488,58.42426472,0
1033,15.89513582,90.21115137,1
1034,5.992580458,89.96746729,1
1035,8.622439046,88.21141704,1
1036,79.78608823,51.32848564,0
1037,89.13381073,34.55694667,0
1038,50.42834501,75.47800519,1
1039,25.97292974,11.29646691,2
1040,21.23903932,3.740119103,2
1041,90.90844508,7.000579457,0
1042,30.41496205,80.92612604,1
1043,36.5832823,99.19667976,1
1044,72.01758977,18.34857547,0
1045,33.89319843,90.99963361,1
1046,79.53245174,71.91397754,1
1047,2.953859296,91.77945233,1
1048,38.03461309,37.76221723,2
1049,30.80321048,92.23138281,1
1050,5.334785958,23.8670128,2
1051,38.4745466,38.65769977,2
1052,96.42978151,6.769567099,0
1053,81.45700472,34.6972425,0
1054,9.31812969,41.92052112,2
1055,47.07293569,45.49526504,2
1056,93.82568235,18.0792022,0
1057,94.99230328,70.4280499,1
1058,56.66870944,51.33782432,2
1059,71.67857127,33.02103294,2
1060,51.67233974,55.3074172,2
1061,52.73212266,31.17550406,2
1062,68.25219326,11.87224522,2
1063,97.75015667,65.75802385,0
1064,69.22923149,12.03782264,0
1065,87.50880401,7.757859096,0
1066,99.75011723,92.32133993,0
1067,0.29349363,15.584814,2
1068,29.94435967,6.219313549,2
1069,6.612163766,90.16703982,1
1070,9.496882805,48.30968804,2
1071,59.31816873,10.48185016,0
1072,73.2981634,32.42729777,2
1073,19.45855293,49.1638065,2
1074,53.74085461,77.44762544,1
1075,85.01734512,72.87658181,2
1076,3.754895942,88.09562636,1
1077,36.42634633,42.88245683,2
1078,76.84998903,30.64440595,0
1079,41.18037753,72.64973939,1
1080,17.68389818,71.51311185,2
1081,24.07945028,75.4284801,1
1082,83.79772841,72.97086524,1
1083,70.99231417,57.56482614,2
1084,83.8197815,46.21784591,0
1085,26.1012592,31.35529063,2
1086,57.08746132,67.48559613,2
1087,70.20738678,69.51208977,2
1088,33.79127139,66.77871424,1
1089,58.4584097,20.46988078,0
1090,25.85961117,86.42427183,1
1091,34.29131587,86.43614789,1
1092,33.61790847,91.67514207,1
1093,16.97082657,38.74131242,2
1094,1.24491802,44.16134719,1
1095,96.72230262,23.19992006,0
1096,92.69441487,7.917976619,0
1097,96.96458318,26.32636263,0
1098,4.513998155,43.64404503,2
1099,92.61625087,74.48862099,1
1100,56.53769689,82.00013123,2
1101,68.60457444,30.49304764,2
1102,88.82041884,34.72768644,0
1103,48.17490597,98.8053325,1
1104,41.95655698,9.724904079,2
1105,98.4341666,44.57651756,0
1106,25.13887151,47.50333984,1
1107,3.007912284,28.16942599,2
1108,16.82640387,53.71366941,2
1109,13.37909063,95.4844917,1
1110,83.5683459,18.47054599,0
1111,15.92916737,15.49055339,2
1112,28.79716994,7.602204272,2
1113,61.4493603,82.77442845,2
1114,70.99975303,46.5779207,2
1115,57.21449337,91.25832635,1
1116,85.81825529,87.82332741,2
1117,24.48053987,60.91014211,1
1118,90.35318715,89.89427244,1
1119,2.815000903,74.94525758,1
1120,6.716140557,69.24647164,1
1121,61.22848908,78.53168759,2
1122,97.25147994,45.2816973,0
1123,11.24597675,93.07504814,1
1124,84.8245397,91.04246949,0
1125,84.63078223,43.17574885,2
1126,78.34359728,69.80610549,2
1127,71.64747505,21.20568597,0
1128,35.48196767,98.94012103,1
1129,22.0033825,31.82847626,2
1130,22.24753979,83.84801965,1
1131,46.29807206,86.27386125,1
1132,86.76580072,12.41875217,0
1133,46.05386539,50.39574172,2
1134,41.43538048,83.72066161,2
1135,94.69253886,16.42319662,0
1136,32.56039413,9.400257903,2
1137,35.03605388,34.4128722,2
1138,84.93454467,18.41834505,0
1139,48.99947188,41.37230447,2
1140,61.38224046,62.14275593,1
1141,79.64473559,71.08399566,2
1142,92.88538395,44.93025136,0
1143,72.09961452,45.39733764,0
1144,22.47271801,63.45613976,1
1145,29.82815236,58.92454379,2
1146,9.985079941,7.49994513,2
1147,64.92467612,13.22136686,0
1148,60.66154523,64.58707888,2
1149,55.35487446,48.21848305,2
1150,97.99327987,65.2393921,2
1151,66.75430178,9.615382376,0
1152,62.80614804,32.43826797,0
1153,81.56084339,41.20415806,0
1154,58.55996316,57.80272896,2
1155,26.82841561,30.26577169,2
1156,68.45269139,56.27183256,2
1157,95.52535489,94.7334754,1
1158,42.50253651,81.70203729,2
1159,33.15737832,96.55404847,1
1160,31.63414622,79.65447563,1
1161,49.99880127,54.91636379,2
1162,31.75897472,27.20230893,2
1163,60.54989281,77.54410257,1
1164,11.45182862,72.61092595,1
1165,53.96675518,69.24866948,2
1166,54.99836675,94.70055584,1
1167,63.68238026,29.30819084,2
1168,17.00303728,20.34118189,2
1169,64.35438364,2.390009215,2
1170,40.19584253,60.52297873,1
1171,64.02869744,9.212596626,0
1172,68.61147682,12.74749282,0
1173,7.395481208,80.61905926,1
1174,80.33733364,79.79019124,2
1175,18.80819267,62.22227505,1
1176,64.41487336,87.59694234,1
1177,91.53841635,72.4387497,0
1178,92.18370647,3.491735332,0
1179,12.42580627,98.91246535,1
1180,0.62368601,35.9821973,2
1181,5.685821928,66.91671764,1
1182,76.93606455,74.42181846,2
1183,84.80162585,6.79085272,0
1184,22.86972079,19.23501941,2
1185,53.61577262,52.15976424,2
1186,58.57219154,63.13342155,0
1187,50.89852246,95.72450758,1
1188,91.49859558,97.73958494,1
1189,55.69871554,59.33899734,2
1190,98.68976766,0.988491716,0
1191,60.71209896,82.43331284,1
1192,78.74761252,9.10076002,0
1193,65.39073931,13.62991386,0
1194,90.5504614,92.03224673,2
1195,15.38053481,93.99645941,1
1196,61.14808256,83.06657632,2
1197,35.60419271,6.349702718,2
1198,42.7956183,50.0615243,2
1199,13.12135249,28.03915474,2
1200,33.32343617,40.11053678,2
1201,35.68042818,68.41148737,2
1202,58.93371366,79.29424177,2
1203,19.40780431,4.268946412,2
1204,16.17564852,44.0546557,1
1205,68.21431456,3.320265769,2
1206,83.25281264,57.57457153,2
1207,52.58267114,20.06482674,0
1208,67.84878885,7.07431526,0
1209,15.99250271,51.91098682,2
1210,23.45717589,81.31686312,1
1211,90.57347661,97.6730528,0
1212,64.27256845,45.94730961,2
1213,53.30579595,64.55607608,1
1214,43.9875615,95.01591878,1
1215,77.47153058,36.99955183,0
1216,21.51514544,44.90924232,2
1217,30.61392616,95.69648753,1
1218,16.96191522,25.02260811,2
1219,68.1828755,3.558959437,0
1220,48.81008755,62.08905839,2
1221,27.94463555,1.551180313,2
1222,5.815200021,98.58088114,1
1223,48.61558864,20.5389031,0
1224,69.69197745,62.73084247,2
1225,70.19725158,97.68991302,0
1226,9.412527546,80.27704243,1
1227,0.97620782,30.06927757,2
1228,15.09692421,61.53924106,1
1229,61.78426425,40.87828366,0
1230,87.16307923,25.71982666,0
1231,76.50499909,74.7372173,1
1232,77.20529683,12.12124533,0
1233,14.01110885,10.09491786,2
1234,78.52025721,44.15481635,0
1235,41.17561305,6.79048671,2
1236,3.184261633,19.55583384,2
1237,75.98931049,45.41951055,0
1238,8.821274725,29.9166879,2
1239,22.16126784,85.31587907,1
1240,96.07304694,60.83688684,0
1241,75.15550841,39.13894154,0
1242,36.51683027,86.36761936,1
1243,51.93338061,68.98872948,2
1244,65.01101723,17.84329485,0
1245,14.04805913,33.84531411,2
1246,6.65739414,60.8061857,1
1247,27.40708168,53.70624989,2
1248,0.722030899,39.70115965,2
1249,2.171075911,52.79990273,2
1250,15.0370455,60.48724365,2
1251,12.20008647,92.58450676,1
1252,81.28433482,23.99741432,0
1253,82.51465006,60.88739881,0
1254,83.18238195,69.81140248,0
1255,31.6484479,90.52415924,1
1256,87.89836898,26.11990379,0
1257,11.19041019,81.04000005,1
1258,13.60179616,68.15622935,1
1259,96.48972235,16.70070398,0
1260,25.97545726,11.46803163,2
1261,83.35388041,24.90990924,0
1262,38.12441291,82.41110546,2
1263,36.55433649,50.29624618,2
1264,32.68427196,34.02157572,2
1265,70.96555109,57.93942585,2
1266,61.66128198,39.05676643,2
1267,73.89464033,1.46077638,0
1268,92.13474434,77.00812632,0
1269,43.16968838,33.18019072,2
1270,97.65065811,10.50753746,0
1271,81.15538386,56.49080134,2
1272,49.48641009,75.10117287,1
1273,67.63024446,74.87356916,2
1274,17.33568664,42.39621793,2
1275,72.76403302,63.51868335,0
1276,92.18467479,5.173209642,0
1277,35.85230715,81.30153012,1
1278,36.15751019,14.08025439,2
1279,69.33521301,18.77737411,2
1280,40.09097203,78.70949925,2
1281,57.03126673,67.95582804,2
1282,63.2548134,84.84567728,1
1283,91.63953631,26.09035423,0
1284,17.52185612,18.18713258,2
1285,31.38907077,45.56468898,2
1286,34.28823214,85.54337425,1
1287,39.78123422,28.31767617,2
1288,25.31038856,62.96117664,2
1289,15.23345716,81.51445846,1
1290,75.03891878,12.88990495,2
1291,44.0440739,96.21637108,1
1292,26.43670289,49.91608634,2
1293,2.012716872,22.53384016,2
1294,29.15506227,36.30084467,2
1295,27.57713715,98.88584195,1
1296,28.25777932,8.074098026,2
1297,92.95961718,10.97513911,0
1298,60.00792866,17.8703793,2
1299,94.9617462,60.2379958,0
1300,15.89935781,87.20824521,1
1301,59.58800571,57.83799999,2
1302,60.97628394,57.93931553,2
1303,14.02146053,81.45502636,1
1304,35.15785052,65.74337914,2
1305,75.93535831,40.42107803,0
1306,44.83393897,48.68535994,2
1307,19.22070141,69.19558287,1
1308,94.50467107,41.5196499,0
1309,2.275645734,26.44848895,2
1310,39.37237238,85.63249761,2
1311,38.20827974,17.98392949,2
1312,90.62227775,76.56830403,0
1313,6.881827915,48.45237382,1
1314,6.859846452,11.55143202,2
1315,56.39014734,43.8949292,2
1316,67.05818938,2.64595785,0
1317,80.74873665,20.20392816,0
1318,99.50580293,58.59669901,0
1319,19.29202516,33.88082815,2
1320,71.50027593,39.26385287,0
1321,67.81249207,91.46349912,2
1322,96.46429633,12.36676633,0
1323,29.28505587,82.85382841,1
1324,57.92148654,85.80887039,1
1325,35.57831517,4.804935393,0
1326,61.46266977,16.69973238,2
1327,1.335281024,54.50890773,1
1328,82.72859157,4.306032142,0
1329,21.20604613,92.81852972,1
1330,27.33708212,87.67639947,1
1331,20.44566503,41.10005539,2
1332,96.1661256,98.49547486,2
1333,98.27548577,81.40777295,0
1334,96.05321824,50.67159731,0
1335,79.88466884,77.20261128,2
1336,2.779845469,91.71778275,1
1337,24.7991856,60.4397649,2
1338,2.440658541,24.0369508,2
1339,84.74540429,5.205355897,0
1340,88.37614317,59.49375399,1
1341,48.54882591,16.2101879,2
1342,88.15908735,36.22125712,0
1343,92.51575797,81.24343411,1
1344,28.96584449,28.99135678,2
1345,54.63932377,55.47436329,2
1346,23.87920071,78.33035948,1
1347,65.29591379,66.95664481,2
1348,45.99509624,27.3600618,2
1349,77.16205138,54.79074985,0
1350,69.32355379,66.34158339,2
1351,5.198625293,1.381812391,2
1352,64.51360158,89.01332089,1
1353,81.9136481,36.70394424,0
1354,33.87128472,74.50554862,1
1355,81.76405405,46.66195081,0
1356,90.6055132,27.01442039,0
1357,38.34940438,63.60054956,2
1358,41.98261809,4.477864487,0
1359,56.32881029,84.26730851,1
1360,48.45830965,29.253536,2
1361,93.45375022,42.90700298,0
1362,78.58842296,79.59710193,1
1363,66.85700632,60.55657445,2
1364,88.26430679,52.48205605,1
1365,29.19406962,69.6657022,2
1366,47.06928636,67.13392183,0
1367,76.89524693,50.1331535,0
1368,8.091637788,96.45322329,1
1369,38.91480529,88.48278485,1
1370,25.98731067,9.477052224,2
1371,86.66304279,36.94413524,2
1372,1.40538375,2.982290335,2
1373,75.82218964,66.83130085,1
1374,87.99848847,68.07517903,0
1375,91.07412612,35.0244629,0
1376,60.23456033,14.02320831,0
1377,24.06585365,1.533346784,2
1378,34.77771611,43.64989916,2
1379,33.1583051,49.99673008,2
1380,83.33626213,51.24721605,2
1381,19.23440813,81.06325751,1
1382,74.10736091,48.08609786,0
1383,0.629904289,1.629175268,2
1384,77.13618265,0.47680686,0
1385,62.97417795,6.779516922,0
1386,75.85311173,47.09161266,2
1387,41.96729542,16.45605722,2
1388,40.46128975,75.3523214,1
1389,51.08576974,71.2989298,0
1390,99.6475264,37.64192212,0
1391,58.67047875,16.52187125,2
1392,89.05709709,18.08933717,0
1393,49.60378735,41.33238643,2
1394,60.3973824,80.56511438,1
1395,2.476750467,21.7679546,2
1396,52.88300909,65.14986515,1
1397,72.77839114,61.48188704,2
1398,67.27094213,25.28313489,0
1399,15.69469241,88.74487076,1
1400,18.10498791,86.573699,1
1401,44.08782572,50.06208031,2
1402,58.10836639,52.36107187,1
1403,18.53375562,0.33919853,2
1404,76.98990421,25.93659689,2
1405,99.19890207,94.24757297,0
1406,91.46243712,93.46109593,1
1407,91.84470098,19.97955564,0
1408,47.48224064,29.48468383,2
1409,37.72509649,44.46891803,2
1410,12.70364868,63.76531346,1
1411,45.46822831,7.804967363,2
1412,98.75858505,70.98705299,0
1413,88.62745869,26.77040022,0
1414,51.13956557,51.4726297,2
1415,26.2279684,45.43480237,2
1416,18.53303935,99.14024153,1
1417,67.82997115,0.89407104,0
1418,55.61202238,27.21812541,0
1419,48.46825032,38.14272997,2
1420,71.19171851,50.60290097,0
1421,9.661585568,96.87374633,1
1422,82.02203301,35.5271053,2
1423,86.33764622,57.94667229,0
1424,32.17860072,23.6675383,2
1425,10.38102639,30.98514339,2
1426,34.9698348,58.17000842,2
1427,5.287473668,14.68352951,2
1428,13.359861,99.83010492,1
1429,49.21186894,19.26615234,2
1430,56.35122109,49.31122022,2
1431,18.44496667,66.77992072,1
1432,30.36970817,77.89156489,1
1433,85.48780716,79.12787495,0
1434,91.65012605,92.5364422,0
1435,6.322958579,94.89696818,1
1436,9.372650939,91.96751445,1
1437,69.19836571,85.15753556,1
1438,63.90252898,35.06022464,0
1439,73.08299204,45.58500316,2
1440,97.94753989,21.98484922,0
1441,73.79694105,51.8714632,2
1442,50.39382143,47.79647438,2
1443,44.88840131,74.98351242,1
1444,85.9065453,29.55568791,0
1445,20.25876332,36.12351134,2
1446,63.26454518,82.69219108,2
1447,15.96750411,46.33198927,2
1448,1.577968476,63.45340277,1
1449,10.58355394,91.86135037,1
1450,30.14841197,84.70210411,1
1451,17.96322903,49.10487076,2
1452,10.57161145,60.97847702,1
1453,26.02503699,18.97317857,2
1454,53.73039871,38.03702249,0
1455,30.68554028,13.61058257,2
1456,94.4611324,13.82432073,0
1457,26.24143739,69.15484643,1
1458,30.08144361,0.801326112,2
1459,32.25411657,65.92005552,1
1460,75.11151935,57.46386057,1
1461,50.09335003,1.184282608,0
1462,99.54514507,93.18616947,0
1463,58.19442673,10.47869986,0
1464,17.3760387,8.348430015,2
1465,19.34210887,81.16192338,1
1466,29.33167396,56.65225386,2
1467,67.02098679,52.36565617,1
1468,97.64611295,44.24426319,0
1469,75.44843204,4.975911835,0
1470,28.34652647,53.54316283,2
1471,73.34883239,74.94844712,2
1472,98.26756224,68.35543581,0
1473,21.92162549,98.50290181,1
1474,64.32620036,69.87407834,2
1475,53.09687679,0.776451436,2
1476,66.59631408,60.07977552,0
1477,94.92239015,62.64521834,0
1478,43.53249941,34.57761552,2
1479,36.78852219,35.98800455,2
1480,94.39084614,88.98376774,0
1481,46.05373719,80.52954592,0
1482,78.18869673,36.7859081,0
1483,83.90924233,54.13104159,2
1484,32.89748773,0.843007935,2
1485,46.53769462,13.66363684,0
1486,31.9299231,0.178326003,0
1487,18.38599166,79.62272745,1
1488,9.451311792,39.48830572,2
1489,48.04180865,73.90825358,1
1490,29.35490395,2.359550871,2
1491,9.394054632,36.42833019,2
1492,57.42112624,89.73440042,1
1493,27.8060812,56.48291686,2
1494,3.636110596,24.27445978,2
1495,85.62022144,78.11392349,1
1496,12.64418448,79.61338178,1
1497,10.6520076,30.39433551,2
1498,61.58039649,46.31375587,2
1499,75.13569565,16.49404664,0
1500,95.63689608,77.84570926,2
1501,24.29621059,47.84154492,2
1502,97.37291386,23.19269399,0
1503,9.696392551,92.95283092,1
1504,95.42433977,34.49654607,0
1505,67.67575268,48.60489264,2
1506,70.38953852,32.09636826,1
1507,74.56457199,17.90366253,0
1508,89.67837584,73.9809191,0
1509,68.35342813,91.7044988,1
1510,53.44432146,39.64635205,2
1511,48.25093052,73.23210889,2
1512,52.38844583,15.49242073,0
1513,27.64474536,22.85111851,2
1514,96.9630587,72.92266071,2
1515,39.5646499,73.14464632,1
1516,17.46182363,60.38657167,1
1517,74.21458376,11.46220196,0
1518,29.92046534,66.31624686,2
1519,75.43634483,54.84547499,2
1520,97.08660986,1.678406998,0
1521,8.935145465,85.8607737,1
1522,54.92024141,52.31935677,2
1523,43.73042039,56.50020206,2
1524,94.17942024,76.18392451,1
1525,82.41829584,89.17932002,0
1526,45.35085307,58.3362409,2
1527,8.120920015,79.47042876,1
1528,40.41086301,97.82206061,1
1529,27.4355526,88.67120589,1
1530,80.80903555,30.3499528,0
1531,13.78438139,14.93508382,2
1532,88.95394047,77.41697731,0
1533,94.05643804,44.48376583,0
1534,50.35016685,82.88276449,1
1535,60.46374669,90.27846341,1
1536,28.30598138,30.66124875,2
1537,80.05991438,61.28443474,1
1538,70.36247107,29.09444261,0
1539,83.50320195,13.07282226,0
1540,87.08255517,18.4037967,0
1541,72.08644698,1.018764553,0
1542,71.8841884,80.04211858,2
1543,28.46704962,13.38993858,2
1544,65.8980459,11.0376592,0
1545,5.956096817,14.50560376,2
1546,23.95037754,77.58496957,1
1547,82.06461167,63.46183894,0
1548,91.99839147,33.78776619,0
1549,40.61070416,69.6847115,2
1550,65.27808634,11.62450459,0
1551,54.73365678,33.40137111,0
1552,47.24121846,52.1923234,1
1553,8.795510329,51.57180019,2
1554,65.58560183,72.52488156,2
1555,63.74002635,66.4735174,2
1556,34.95188551,67.11617862,2
1557,47.40525256,57.68173832,2
1558,28.49252992,13.21942056,2
1559,15.28656204,94.13324896,1
1560,67.42322666,64.71588492,2
1561,28.17955934,2.99379842,2
1562,16.4742422,13.01732002,2
1563,65.64534546,92.68465079,1
1564,42.14374628,45.51043814,2
1565,66.63868241,55.25800631,2
1566,65.14815509,44.13858899,0
1567,0.699656534,83.09716694,1
1568,98.44855142,17.53945064,0
1569,66.22432323,83.71654418,1
1570,70.15595755,53.8156691,2
1571,48.74076003,82.06883756,1
1572,62.76163498,78.77190213,1
1573,41.47809401,34.61421231,2
1574,82.42675693,71.16887913,2
1575,15.32210339,57.76728993,2
1576,99.95498745,24.27715244,0
1577,46.9670073,20.49042234,2
1578,25.39553181,20.72194412,2
1579,67.1630363,69.68553527,2
1580,55.52759082,39.74878143,0
1581,51.66566687,68.17566015,2
1582,34.72564268,67.29563667,1
1583,30.01018471,86.04187002,1
1584,51.62218125,57.74469392,1
1585,52.82523772,56.47728859,2
1586,76.49871142,39.70809424,2
1587,35.31669995,5.285740165,2
1588,4.650086762,11.61349189,2
1589,83.43401759,89.94600036,0
1590,30.26274053,21.24385453,2
1591,61.6109879,43.41289221,2
1592,29.88741798,82.05003409,2
1593,8.900666827,38.24558807,2
1594,32.57366723,98.27440387,1
1595,17.31864156,41.45988096,2
1596,13.35774255,11.94040239,2
1597,42.80559471,96.18885818,1
1598,19.41917683,50.37046199,2
1599,98.05351884,97.68071756,1
1600,56.87837468,46.23290415,2
1601,67.67658464,85.04751008,2
1602,27.32551794,75.23857678,1
1603,25.57265575,78.68166243,1
1604,67.29755655,26.91468805,0
1605,91.15835006,72.85946263,0
1606,16.87332294,58.68019287,1
1607,75.11279913,81.98025806,2
1608,81.01301425,35.29319728,2
1609,50.07791854,36.55975157,2
1610,34.20626319,4.7022235,2
1611,89.31700299,76.85081896,2
1612,92.14764065,61.32028628,2
1613,76.8996153,92.08759063,1
1614,2.904785732,68.23775375,1
1615,24.13819362,0.703124156,2
1616,85.27677425,95.13367391,2
1617,45.637725,17.30773515,2
1618,75.78475307,10.09817247,0
1619,74.18053976,97.31459962,0
1620,22.36197332,31.11230681,2
1621,30.59961728,30.53623963,2
1622,55.16821624,5.566469021,0
1623,37.92131058,0.120004829,2
1624,93.0478614,89.6321983,0
1625,89.19336684,75.13382783,2
1626,90.16045435,83.19273826,1
1627,58.83182177,43.98372296,2
1628,94.16596649,65.51761813,0
1629,98.76731787,93.53690078,1
1630,20.33320758,5.314598485,2
1631,68.40738432,53.42286644,2
1632,54.7788302,79.94619533,1
1633,18.85231753,66.52862622,1
1634,31.67139637,89.10855438,1
1635,89.54795274,84.52235064,1
1636,3.561114412,44.75729317,2
1637,85.86130773,45.63337551,0
1638,79.26840526,48.58736692,2
1639,54.34708857,9.26110227,2
1640,18.43680971,58.59673745,1
1641,89.39151986,24.59155692,0
1642,58.93931023,94.59767741,1
1643,48.63649125,43.12116269,2
1644,63.11887392,83.45748989,2
1645,11.30160245,73.93676989,1
1646,96.4452064,8.766354309,0
1647,32.82289034,66.01835417,2
1648,21.84523064,51.58482319,2
1649,88.36065369,86.26914246,0
1650,68.43782318,70.47134192,2
1651,49.62395041,43.07122376,0
1652,31.62649657,33.08008507,2
1653,3.714978463,91.39403757,1
1654,30.87944744,25.63760432,2
1655,79.27249805,52.41910661,0
1656,71.34898319,51.73391412,0
1657,47.85376406,52.61158034,2
1658,29.07735827,21.06199538,2
1659,54.5117905,87.31651686,1
1660,66.02513734,80.98640964,1
1661,94.34225336,97.65236136,0
1662,28.29740416,0.02751502,2
1663,94.58717345,66.23569377,0
1664,59.48794149,77.54473468,2
1665,74.38103071,38.57461932,2
1666,30.09770102,18.49505548,2
1667,43.09928483,43.03029251,2
1668,89.62852967,35.66834136,0
1669,3.294390194,61.37032097,2
1670,47.37324738,61.86609479,2
1671,43.28166535,55.42311844,2
1672,98.94271777,52.33455706,0
1673,23.68016862,73.09609959,1
1674,45.60592047,91.82435031,1
1675,60.76063376,94.84221731,1
1676,73.28942561,36.51146072,0
1677,64.2540573,8.441861333,0
1678,91.61601121,44.91618217,0
1679,39.35275386,90.52787166,1
1680,22.55843252,7.522551395,2
1681,75.93245716,52.16052656,0
1682,17.79555809,74.42938691,1
1683,72.23190566,45.43432071,0
1684,71.9865828,11.32166999,0
1685,93.43256181,3.055296455,0
1686,10.89517376,69.91118307,1
1687,37.62166738,27.18486159,2
1688,34.41758384,58.88651681,2
1689,48.1094413,81.69641768,1
1690,34.42437257,79.86316175,1
1691,92.36055701,68.18970716,0
1692,58.81592155,14.60551961,0
1693,54.49123612,80.73705068,1
1694,35.67083313,37.37619668,2
1695,13.57392066,31.74991363,2
1696,36.40525736,86.28099539,1
1697,53.33337978,16.24337247,0
1698,33.18324525,10.92119701,2
1699,62.94250281,23.82989159,0
1700,27.02139467,88.5485765,1
1701,51.35669874,5.660384625,0
1702,97.41241439,6.333690692,0
1703,58.47171305,51.18439969,2
1704,34.84032546,37.48263268,2
1705,46.29672255,63.72887799,2
1706,4.85812118,81.84138342,1
1707,81.6233025,83.44391507,2
1708,21.83179092,69.46515051,1
1709,12.50312125,13.13894337,2
1710,61.34312296,11.89694277,0
1711,98.51475504,32.14861355,0
1712,58.70599985,11.36881434,2
1713,25.96217978,32.32201462,2
1714,31.76163973,43.84695333,2
1715,98.00297185,97.77263681,1
1716,90.56910483,37.71267071,1
1717,24.52613656,57.59550346,2
1718,64.74863956,15.33218179,0
1719,7.775698406,29.87172138,2
1720,56.70617301,79.82297186,1
1721,12.59057989,99.53113765,1
1722,46.47790972,17.4740734,0
1723,93.84435903,13.38935732,0
1724,98.12046917,92.87393289,1
1725,90.97555571,12.3617598,0
1726,20.56512699,26.45566875,2
1727,69.65018615,9.064189678,0
1728,87.7630823,0.804000979,0
1729,53.1298121,97.31033804,1
1730,42.66685514,92.49103461,1
1731,69.08924387,46.29715925,0
1732,60.26200864,45.16965527,0
1733,86.33814787,59.91961269,0
1734,51.9966737,3.122236248,0
1735,94.79453116,23.67984955,0
1736,82.82807184,31.21695936,0
1737,97.17197139,12.53209111,0
1738,74.86799618,49.53697109,2
1739,84.74817593,94.58039485,0
1740,79.95330514,2.75710667,0
1741,2.430150114,26.23824222,2
1742,29.65419613,45.99563536,2
1743,21.38881311,86.56288766,1
1744,55.21485787,76.65627369,2
1745,25.6383064,13.80113496,2
1746,96.59020588,84.77384227,0
1747,80.44644125,58.25842026,2
1748,38.62019449,76.8808001,1
1749,36.48768293,26.83872587,2
1750,29.23414765,99.17839952,1
1751,36.78598855,3.186960595,2
1752,15.53724997,56.11481808,2
1753,54.48488134,64.0440984,2
1754,84.53410783,53.10722386,2
1755,36.08773337,26.09325042,2
1756,95.11172337,83.2246119,2
1757,90.85192287,64.07495677,0
1758,99.46133867,33.17314547,0
1759,60.91148288,56.04636089,0
1760,79.20568262,20.76836383,0
1761,32.51542743,35.40262602,2
1762,5.106950852,79.382301,1
1763,70.98269168,46.97837253,0
1764,36.06410021,22.36956253,2
1765,99.36289989,0.241734324,0
1766,90.06788804,92.54391933,1
1767,96.81405826,57.37039184,0
1768,34.23491344,78.86236169,1
1769,99.48141235,18.18709929,0
1770,54.89194346,34.29036613,2
1771,54.31730548,25.36213846,2
1772,47.2145745,23.41035963,0
1773,44.22839091,97.36061696,1
1774,5.997864115,63.52486123,1
1775,0.762859664,11.78009912,2
1776,78.38524496,44.96370062,2
1777,87.66457537,81.81426804,1
1778,95.62621452,68.43904615,0
1779,48.76825038,98.78671058,1
1780,42.41776925,77.19914732,1
1781,22.51324206,52.51427804,2
1782,47.15667337,38.17918177,2
1783,42.96181797,92.09226644,1
1784,22.33444741,63.17966678,2
1785,24.36162501,21.57822573,2
1786,32.84658486,43.89791869,2
1787,19.81634751,39.41095384,2
1788,53.40666447,3.432835241,2
1789,14.94907857,48.13735244,2
1790,58.04259782,0.282762208,0
1791,32.58605515,47.52025537,2
1792,16.189484,19.87050237,2
1793,77.91261191,36.99265053,0
1794,4.77505244,13.69578607,2
1795,75.361103,24.78415405,0
1796,72.61910253,72.55075966,2
1797,78.06396211,8.636706609,0
1798,7.880136194,25.26026514,2
1799,48.21163886,24.39007152,0
1800,16.42413342,21.38576252,2
1801,92.58824991,59.39673654,0
1802,9.611423532,91.88350948,1
1803,48.03949867,15.05654439,2
1804,81.53085196,85.41515474,2
1805,92.1181643,93.49762201,2
1806,9.971821652,12.21992529,2
1807,55.18495698,74.93521654,1
1808,49.26398196,54.73899,2
1809,91.53918734,78.35145121,1
1810,10.3438421,52.2689767,1
1811,1.27112451,49.24991981,2
1812,64.96102331,67.22778829,2
1813,82.87623615,93.28935925,2
1814,31.13992383,59.68079846,2
1815,83.79368172,9.330754028,0
1816,51.77421238,8.184303064,2
1817,73.109445,51.0840443,0
1818,84.57636792,18.60457702,0
1819,50.08976019,67.14663569,2
1820,81.47058749,3.911983511,0
1821,91.67565014,21.44535063,0
1822,32.71807628,23.53306151,2
1823,91.59281209,79.51370153,2
1824,53.90549793,98.9756912,1
1825,81.02399143,20.53062338,0
1826,68.5690204,4.486357527,0
1827,84.37932986,7.231278565,0
1828,70.86870839,64.6836572,2
1829,80.54924927,75.98682564,2
1830,95.92599234,4.143159602,0
1831,29.11159106,7.030829892,2
1832,58.88845514,72.01395228,2
1833,12.34371536,7.225351049,2
1834,76.18516258,94.76489388,0
1835,88.98834894,70.51932483,0
1836,73.37793627,67.70214719,2
1837,55.04293849,75.8692356,2
1838,10.74982022,97.50980419,1
1839,17.3012476,66.86761248,1
1840,2.897829646,24.34531229,2
1841,71.44634469,53.05950749,0
1842,69.68585037,40.81632677,2
1843,71.33118566,43.73710493,0
1844,34.96035995,29.88024487,2
1845,2.624776917,62.44038381,2
1846,88.61729549,7.491386262,0
1847,73.49951351,92.23623914,2
1848,73.15429913,78.89527702,0
1849,34.34129209,96.85958052,1
1850,80.48177088,20.3464507,0
1851,85.47607636,9.145623294,0
1852,69.78886385,93.42483276,1
1853,57.00214348,89.88309733,1
1854,62.49422986,34.59248698,0
1855,62.95312762,23.73121268,2
1856,25.82430454,13.86403609,2
1857,97.09092958,27.72971034,0
1858,80.61333767,10.97188397,0
1859,1.430211903,9.581375362,2
1860,74.96388657,21.23390224,0
1861,66.54134118,70.81318664,1
1862,83.71427953,43.12007153,0
1863,58.35678022,41.99958122,2
1864,42.14884596,37.20402943,2
1865,25.85773949,97.79547198,1
1866,64.19366908,32.30266468,0
1867,28.27862238,25.37856203,2
1868,43.95950361,61.82145595,1
1869,19.49189953,70.47434969,1
1870,23.22934449,71.63027413,1
1871,16.38694653,66.87477075,1
1872,16.14719777,9.019933078,2
1873,79.90091297,3.075696869,0
1874,69.61407079,55.75880962,1
1875,1.211002534,88.92870909,1
1876,76.12818753,78.33055629,0
1877,77.99505394,49.96011213,2
1878,19.52720365,51.66661581,2
1879,95.64784925,20.99734736,0
1880,87.77093465,0.699913048,0
1881,54.1229091,85.96233454,1
1882,90.50070526,18.15023315,0
1883,38.94778512,87.2586601,1
1884,48.53953399,87.25421693,1
1885,8.981142937,63.81956887,1
1886,21.44257335,74.00714106,1
1887,88.92067249,52.04184878,0
1888,86.94971114,31.16311074,0
1889,46.9517548,70.75167076,2
1890,12.4433286,28.50258352,2
1891,70.24775776,44.68878156,2
1892,26.45249912,59.18440092,2
1893,15.58893017,19.75495496,2
1894,45.98328189,94.86666003,1
1895,39.87584509,35.29110905,2
1896,0.17363341,89.7797359,1
1897,75.17812449,94.22559146,2
1898,60.23435055,84.1481431,2
1899,17.51326379,4.18766129,2
1900,22.71765459,17.18633872,2
1901,1.990277942,76.60421479,1
1902,44.71148902,57.6696979,2
1903,78.1429062,84.09102148,0
1904,87.14777551,38.98497565,0
1905,38.98512536,8.240515069,2
1906,69.09561276,17.05167816,2
1907,83.83878712,46.08520465,0
1908,43.41173817,33.6589033,2
1909,55.20189622,69.20441845,2
1910,14.20373156,71.18713746,2
1911,92.28100882,45.27017116,0
1912,11.19651813,25.03480477,2
1913,54.89862631,8.667756546,0
1914,40.1197013,31.38323377,2
1915,41.09182762,11.81554399,2
1916,80.58371788,74.94817028,1
1917,3.708487616,13.4278579,2
1918,94.84852052,71.15341925,0
1919,1.858790781,77.46380287,1
1920,43.89048204,41.41776192,2
1921,38.63190974,59.16652889,1
1922,23.27941966,70.17713699,1
1923,62.9539736,60.32435774,2
1924,31.56069012,3.829243482,2
1925,45.55850598,41.41523613,2
1926,32.53307311,66.70104331,2
1927,92.2372227,51.9798034,0
1928,3.236022272,44.96621498,2
1929,38.08408002,98.02016843,1
1930,42.23423696,57.8146697,2
1931,16.50707316,60.60397853,1
1932,10.02292054,22.02309009,2
1933,55.74866058,89.42355852,1
1934,71.14813711,32.83216663,0
1935,41.82462075,83.10184996,2
1936,94.83024794,77.92590943,0
1937,1.028780255,87.41353397,1
1938,75.8231847,74.86473336,2
1939,57.83674855,43.47719207,2
1940,95.27701966,82.39406309,1
1941,61.03356992,66.31003442,2
1942,68.23618838,87.70007086,1
1943,73.78148106,4.765946856,0
1944,2.402855552,93.61800082,1
1945,31.27104948,1.437931805,2
1946,93.07594412,72.53725283,0
1947,48.82773628,38.03846558,2
1948,54.48418512,49.0723766,2
1949,57.97657238,32.03871594,2
1950,4.278307471,96.58943228,1
1951,7.644267343,78.31444165,1
1952,59.65650183,87.77240954,1
1953,89.13846591,64.81302675,0
1954,8.696023819,3.961584874,2
1955,13.57791378,42.08399617,2
1956,58.70361851,59.5888014,2
1957,60.20517089,98.49258362,1
1958,9.255839519,47.91259029,1
1959,31.11754493,90.23111242,1
1960,35.41317723,43.43420693,2
1961,22.3298549,29.70432799,2
1962,68.09606211,83.27074461,1
1963,78.02555366,54.88075698,0
1964,71.63255462,94.33915049,1
1965,82.76539307,65.98248074,0
1966,37.34978414,54.9854795,0
1967,16.60976014,66.66013458,1
1968,7.881674942,57.61349767,1
1969,2.377503042,42.24701718,2
1970,78.32979026,19.88675097,0
1971,48.12863253,72.84749057,1
1972,31.17101251,25.50128205,2
1973,77.66292306,4.538541815,0
1974,79.19886057,2.71517016,0
1975,64.88992025,17.95352059,0
1976,5.96489667,70.56183805,1
1977,27.72536746,94.07203055,1
1978,42.31798431,20.70223338,2
1979,94.45554348,70.51757713,0
1980,50.89728808,66.5048867,2
1981,6.656252247,3.954088302,2
1982,6.240659156,57.9463545,1
1983,41.99431929,82.88418799,1
1984,51.79128036,27.49556646,2
1985,98.37152393,5.495608482,0
1986,7.815452212,48.32721831,2
1987,18.95266921,97.2332424,1
1988,62.15921577,43.3593638,2
1989,10.06297776,44.91928518,1
1990,22.284837,37.04738356,2
1991,33.06434115,13.10456549,2
1992,68.13772693,46.08798854,0
1993,60.50361343,41.41798416,2
1994,19.39822872,90.50557913,1
1995,11.5169781,65.79094036,1
1996,87.49534468,93.46308076,0
1997,59.05014375,41.45226687,2
1998,98.96729178,68.04224495,0
1999,25.88725683,40.6356283,2
